{"scenario": "intersection", "vehicle": {"id": [0, 1, 2], "group": [[0, 1], [2]], "width": 2.0, "length": 5.0, "target": [[-64.0, 2.000000000000004], [64.0, -2.0000000000000115], [2.0, 64.0]], "region": {"format": [["A", "B", "C", "D", "E"]], "representation": "Ax^2 + Bx + Cy^2 + Dy + E <= 0", "equation": [[[[0, 1.0, 0, 0.0, 1.0], [0, -1.0, 0, -0.0, -3.0], [0, -0.0, 0, 1.0, -64.0], [0, 0.0, 0, -1.0, 14.0]], [[1, 28.0, 1, -28.0, 223.0], [-1, -28.0, -1, 28.0, -271.0], [0, -0.0, 0, 1.0, -14.0], [0, -1.0, 0, -6.123233995736766e-17, -14.0]], [[0, -6.217248937900877e-17, 0, -1.0, 1.0], [0, 6.217248937900877e-17, 0, 1.0, -3.0], [0, 1.0, 0, -6.217248937900877e-17, 14.0], [0, -1.0, 0, 6.217248937900877e-17, -64.0]]], [[[0, 6.217248937900877e-17, 0, 1.0, 1.0], [0, -6.217248937900877e-17, 0, -1.0, -3.0], [0, -1.0, 0, 6.217248937900877e-17, -64.0], [0, 1.0, 0, -6.217248937900877e-17, 14.0]], [[0, 6.344131569286608e-17, 0, 1.0, 1.0], [0, -6.344131569286608e-17, 0, -1.0, -3.0], [0, -1.0, 0, 6.344131569286608e-17, -14.0], [0, 1.0, 0, -6.344131569286608e-17, -14.0]], [[0, 1.7763568394002506e-16, 0, 1.0, 1.0], [0, -1.7763568394002506e-16, 0, -1.0, -3.0], [0, -1.0, 0, 1.7763568394002506e-16, 14.0], [0, 1.0, 0, -1.7763568394002506e-16, -64.0]]], [[[0, -1.0, 0, 1.1990408665951691e-16, 1.0], [0, 1.0, 0, -1.1990408665951691e-16, -3.0], [0, -1.1990408665951691e-16, 0, -1.0, -64.0], [0, 1.1990408665951691e-16, 0, 1.0, 14.0]], [[0, -1.0, 0, 1.2688263138573217e-16, 1.0], [0, 1.0, 0, -1.2688263138573217e-16, -3.0], [0, -1.2688263138573217e-16, 0, -1.0, -14.0], [0, 1.2688263138573217e-16, 0, 1.0, -14.0]], [[0, -1.0, 0, 0.0, 1.0], [0, 1.0, 0, -0.0, -3.0], [0, -0.0, 0, -1.0, 14.0], [0, 0.0, 0, 1.0, -64.0]]]]}}, "dynamics": {"x": ["d_x", "d_y", "v_x", "v_y"], "u": ["a_x", "a_y"], "dt": 0.5, "A": [[1, 0, "dt", 0], [0, 1, 0, "dt"], [0, 0, 1, 0], [0, 0, 0, 1]], "B": [[0, 0], [0, 0], ["dt", 0], [0, "dt"]]}, "physics": {"velocity_bound": 3, "acceleration_bound": 5}}