{"scenario": "intersection", "vehicle": {"id": [0, 1, 2], "width": 2.0, "length": 5.0, "target": [[114.0, -2.000000000000021], [114.0, -2.000000000000021], [2.0, 114.0]], "region": {"format": [["A", "B", "C", "D", "E"]], "representation": "Ax^2 + Bx + Cy^2 + Dy + E <= 0", "equation": [[[[0, 1.0, 0, 0.0, 0.0], [0, -1.0, 0, -0.0, -4.0], [0, -0.0, 0, 1.0, -114.0], [0, 0.0, 0, -1.0, 14.0]], [[1, -28.0, 1, -28.0, 68.0], [-1, 28.0, -1, 28.0, -196.0], [0, -1.2246467991473532e-16, 0, 1.0, -13.999999999999998], [0, 1.0, 0, 6.123233995736766e-17, -14.0]], [[0, 1.8207657603852566e-16, 0, 1.0, 0.0], [0, -1.8207657603852566e-16, 0, -1.0, -4.0], [0, -1.0, 0, 1.8207657603852566e-16, 14.0], [0, 1.0, 0, -1.8207657603852566e-16, -114.0]]], [[[0, 5.995204332975846e-17, 0, 1.0, 0.0], [0, -5.995204332975846e-17, 0, -1.0, -4.0], [0, -1.0, 0, 5.995204332975846e-17, -114.0], [0, 1.0, 0, -5.995204332975846e-17, 14.0]], [[0, 6.344131569286608e-17, 0, 1.0, 0.0], [0, -6.344131569286608e-17, 0, -1.0, -4.0], [0, -1.0, 0, 6.344131569286608e-17, -14.0], [0, 1.0, 0, -6.344131569286608e-17, -14.0]], [[0, 1.8207657603852566e-16, 0, 1.0, 0.0], [0, -1.8207657603852566e-16, 0, -1.0, -4.0], [0, -1.0, 0, 1.8207657603852566e-16, 14.0], [0, 1.0, 0, -1.8207657603852566e-16, -114.0]]], [[[0, -1.0, 0, 1.2212453270876723e-16, 0.0], [0, 1.0, 0, -1.2212453270876723e-16, -4.0], [0, -1.2212453270876723e-16, 0, -1.0, -114.0], [0, 1.2212453270876723e-16, 0, 1.0, 14.0]], [[0, -1.0, 0, 1.2688263138573217e-16, 0.0], [0, 1.0, 0, -1.2688263138573217e-16, -4.0], [0, -1.2688263138573217e-16, 0, -1.0, -14.0], [0, 1.2688263138573217e-16, 0, 1.0, -14.0]], [[0, -1.0, 0, 0.0, 0.0], [0, 1.0, 0, -0.0, -4.0], [0, -0.0, 0, -1.0, 14.0], [0, 0.0, 0, 1.0, -114.0]]]]}}, "dynamics": {"x": ["d_x", "d_y", "v_x", "v_y"], "u": ["a_x", "a_y"], "dt": 0.3333333333333333, "A": [[1, 0, "dt", 0], [0, 1, 0, "dt"], [0, 0, 1, 0], [0, 0, 0, 1]], "B": [[0, 0], [0, 0], ["dt", 0], [0, "dt"]]}, "physics": {"velocity_bound": 10, "acceleration_bound": 5}}