{"scenario": "merge", "vehicle": {"id": [0, 1, 2], "width": 2.0, "length": 5.0, "target": [[540.0, -10.5], [540, 0], [540.0, -10.5]], "region": {"format": [["A", "B", "C", "D", "E"]], "representation": "Ax^2 + Bx + Cy^2 + Dy + E <= 0", "equation": [[[[0, -0.0, 0, 1.0, -1.0], [0, 0.0, 0, -1.0, -2.0], [0, -1.0, 0, -0.0, 0.0], [0, 1.0, 0, 0.0, -230.0]], [[0, -0.0, 0, 1.0, -6.0], [0, 0.0, 0, -1.0, 3.0], [0, -1.0, 0, -0.0, 0.0], [0, 1.0, 0, 0.0, -230.0]], [[0, -0.0, 0, 1.0, -1.0], [0, 0.0, 0, -1.0, -2.0], [0, -1.0, 0, -0.0, 230.0], [0, 1.0, 0, 0.0, -310.0]], [[0, -0.0, 0, 1.0, -6.0], [0, 0.0, 0, -1.0, 2.0], [0, -1.0, 0, -0.0, 230.0], [0, 1.0, 0, 0.0, -310.0]], [[0, -0.0, 0, 1.0, 2.0], [0, 0.0, 0, -1.0, -5.0], [0, -1.0, 0, -0.0, 230.0], [0, 1.0, 0, 0.0, -310.0]], [[0, 0.08098313210773758, 0, 0.9967154720952318, -22.11790906501772], [0, -0.08098313210773758, 0, -0.9967154720952318, 20.11790906501772], [0, -0.9967154720952318, 0, 0.08098313210773758, 309.3057288779528], [0, 0.9967154720952318, 0, -0.08098313210773758, -389.56935700427164]], [[0, -0.0, 0, 1.0, 9.5], [0, 0.0, 0, -1.0, -11.5], [0, -1.0, 0, -0.0, 390.0], [0, 1.0, 0, 0.0, -540.0]]], [[[0, -0.0, 0, 1.0, 9.5], [0, 0.0, 0, -1.0, -11.5], [0, -1.0, 0, -0.0, 0.0], [0, 1.0, 0, 0.0, -150.0]], [[0, -0.08098313210773758, 0, 0.9967154720952318, 21.612982273160572], [0, 0.08098313210773758, 0, -0.9967154720952318, -23.612982273160572], [0, -0.9967154720952318, 0, -0.08098313210773758, 148.65699792715353], [0, 0.9967154720952318, 0, 0.08098313210773758, -228.92062605347235]], [[0, -0.0, 0, 1.0, -1.0], [0, 0.0, 0, -1.0, -2.0], [0, -1.0, 0, -0.0, 230.0], [0, 1.0, 0, 0.0, -310.0]], [[0, -0.0, 0, 1.0, -6.0], [0, 0.0, 0, -1.0, 2.0], [0, -1.0, 0, -0.0, 230.0], [0, 1.0, 0, 0.0, -310.0]], [[0, -0.0, 0, 1.0, 2.0], [0, 0.0, 0, -1.0, -5.0], [0, -1.0, 0, -0.0, 230.0], [0, 1.0, 0, 0.0, -310.0]], [[0, -0.0, 0, 1.0, -1.0], [0, 0.0, 0, -1.0, -2.0], [0, -1.0, 0, -0.0, 310.0], [0, 1.0, 0, 0.0, -540.0]], [[0, -0.0, 0, 1.0, -6.0], [0, 0.0, 0, -1.0, 3.0], [0, -1.0, 0, -0.0, 310.0], [0, 1.0, 0, 0.0, -540.0]]], [[[0, -0.0, 0, 1.0, -1.0], [0, 0.0, 0, -1.0, -2.0], [0, -1.0, 0, -0.0, 0.0], [0, 1.0, 0, 0.0, -230.0]], [[0, -0.0, 0, 1.0, -6.0], [0, 0.0, 0, -1.0, 3.0], [0, -1.0, 0, -0.0, 0.0], [0, 1.0, 0, 0.0, -230.0]], [[0, -0.0, 0, 1.0, -1.0], [0, 0.0, 0, -1.0, -2.0], [0, -1.0, 0, -0.0, 230.0], [0, 1.0, 0, 0.0, -310.0]], [[0, -0.0, 0, 1.0, -6.0], [0, 0.0, 0, -1.0, 2.0], [0, -1.0, 0, -0.0, 230.0], [0, 1.0, 0, 0.0, -310.0]], [[0, -0.0, 0, 1.0, 2.0], [0, 0.0, 0, -1.0, -5.0], [0, -1.0, 0, -0.0, 230.0], [0, 1.0, 0, 0.0, -310.0]], [[0, 0.08098313210773758, 0, 0.9967154720952318, -22.11790906501772], [0, -0.08098313210773758, 0, -0.9967154720952318, 20.11790906501772], [0, -0.9967154720952318, 0, 0.08098313210773758, 309.3057288779528], [0, 0.9967154720952318, 0, -0.08098313210773758, -389.56935700427164]], [[0, -0.0, 0, 1.0, 9.5], [0, 0.0, 0, -1.0, -11.5], [0, -1.0, 0, -0.0, 390.0], [0, 1.0, 0, 0.0, -540.0]]]]}}, "dynamics": {"x": ["d_x", "d_y", "v_x", "v_y"], "u": ["a_x", "a_y"], "dt": 0.5, "A": [[1, 0, "dt", 0], [0, 1, 0, "dt"], [0, 0, 1, 0], [0, 0, 0, 1]], "B": [[0, 0], [0, 0], ["dt", 0], [0, "dt"]]}, "physics": {"velocity_bound": 10, "acceleration_bound": 5}}